image_path,R,G,B,contrast,dissimilarity,homogeneity,energy,correlation
117.29956770337388,85.31641996998809,50.71300630190428,3.225192248745377,1.051086594159934,0.6332751277078448,0.23150035844866243,0.9994967239328273,/home/darmaputra/Downloads/Telor/web-EggQTrack/Backend/uploads/1742032013_ktr.jpg
117.29956770337388,85.31641996998809,50.71300630190428,3.225192248745377,1.051086594159934,0.6332751277078448,0.23150035844866243,0.9994967239328273,./uploads/1742031630_ktr.jpg
117.29956770337388,85.31641996998809,50.71300630190428,3.225192248745377,1.051086594159934,0.6332751277078448,0.23150035844866243,0.9994967239328273,./uploads/1742031630_ktr.jpg
117.29956770337388,85.31641996998809,50.71300630190428,3.225192248745377,1.051086594159934,0.6332751277078448,0.23150035844866243,0.9994967239328273,uploads/1742056976_ktr.jpg
117.29956770337388,85.31641996998809,50.71300630190428,3.225192248745377,1.051086594159934,0.6332751277078448,0.23150035844866243,0.9994967239328273,uploads/1742057158_ktr.jpg
117.29956770337388,85.31641996998809,50.71300630190428,3.225192248745377,1.051086594159934,0.6332751277078448,0.23150035844866243,0.9994967239328273,uploads/1742057175_ktr.jpg
117.29956770337388,85.31641996998809,50.71300630190428,3.225192248745377,1.051086594159934,0.6332751277078448,0.23150035844866243,0.9994967239328273,uploads/1742057213_ktr.jpg
121.6069890327355,93.28156310542377,70.44318474727065,67.34207908014588,4.971244150999951,0.37087661490200835,0.20969480827008405,0.9920428545403885,uploads/1742057283_egg.jpg
121.6069890327355,93.28156310542377,70.44318474727065,67.34207908014588,4.971244150999951,0.37087661490200835,0.20969480827008405,0.9920428545403885,uploads/1742058859_egg.jpg
117.29956770337388,85.31641996998809,50.71300630190428,3.225192248745377,1.051086594159934,0.6332751277078448,0.23150035844866243,0.9994967239328273,uploads/1742058971_ktr.jpg
121.6069890327355,93.28156310542377,70.44318474727065,67.34207908014588,4.971244150999951,0.37087661490200835,0.20969480827008405,0.9920428545403885,uploads/1742059000_egg.jpg
121.6069890327355,93.28156310542377,70.44318474727065,67.34207908014588,4.971244150999951,0.37087661490200835,0.20969480827008405,0.9920428545403885,uploads/1742059094_egg.jpg
121.6069890327355,93.28156310542377,70.44318474727065,67.34207908014588,4.971244150999951,0.37087661490200835,0.20969480827008405,0.9920428545403885,uploads/1742059150_egg.jpg
117.29956770337388,85.31641996998809,50.71300630190428,3.225192248745377,1.051086594159934,0.6332751277078448,0.23150035844866243,0.9994967239328273,uploads/1742059204_ktr.jpg
117.29956770337388,85.31641996998809,50.71300630190428,3.225192248745377,1.051086594159934,0.6332751277078448,0.23150035844866243,0.9994967239328273,uploads/1742059217_ktr.jpg
117.29956770337388,85.31641996998809,50.71300630190428,3.225192248745377,1.051086594159934,0.6332751277078448,0.23150035844866243,0.9994967239328273,uploads/1742059271_ktr.jpg
121.6069890327355,93.28156310542377,70.44318474727065,67.34207908014588,4.971244150999951,0.37087661490200835,0.20969480827008405,0.9920428545403885,uploads/1742059339_egg.jpg
117.29956770337388,85.31641996998809,50.71300630190428,3.225192248745377,1.051086594159934,0.6332751277078448,0.23150035844866243,0.9994967239328273,uploads/1742059380_ktr.jpg
117.29956770337388,85.31641996998809,50.71300630190428,3.225192248745377,1.051086594159934,0.6332751277078448,0.23150035844866243,0.9994967239328273,uploads/1742059481_ktr.jpg
117.29956770337388,85.31641996998809,50.71300630190428,3.225192248745377,1.051086594159934,0.6332751277078448,0.23150035844866243,0.9994967239328273,uploads/1742059534_ktr.jpg
121.6069890327355,93.28156310542377,70.44318474727065,67.34207908014588,4.971244150999951,0.37087661490200835,0.20969480827008405,0.9920428545403885,uploads/1742059563_egg.jpg
121.6069890327355,93.28156310542377,70.44318474727065,67.34207908014588,4.971244150999951,0.37087661490200835,0.20969480827008405,0.9920428545403885,uploads/1742059588_egg.jpg
117.29956770337388,85.31641996998809,50.71300630190428,3.225192248745377,1.051086594159934,0.6332751277078448,0.23150035844866243,0.9994967239328273,uploads/1742059613_ktr.jpg
117.29956770337388,85.31641996998809,50.71300630190428,3.225192248745377,1.051086594159934,0.6332751277078448,0.23150035844866243,0.9994967239328273,uploads/1742059687_ktr.jpg
117.29956770337388,85.31641996998809,50.71300630190428,3.225192248745377,1.051086594159934,0.6332751277078448,0.23150035844866243,0.9994967239328273,uploads/1742059711_ktr.jpg
117.29956770337388,85.31641996998809,50.71300630190428,3.225192248745377,1.051086594159934,0.6332751277078448,0.23150035844866243,0.9994967239328273,uploads/1742059824_ktr.jpg
117.29956770337388,85.31641996998809,50.71300630190428,3.225192248745377,1.051086594159934,0.6332751277078448,0.23150035844866243,0.9994967239328273,uploads/1742059830_ktr.jpg
117.29956770337388,85.31641996998809,50.71300630190428,3.225192248745377,1.051086594159934,0.6332751277078448,0.23150035844866243,0.9994967239328273,uploads/1742059868_ktr.jpg
117.29956770337388,85.31641996998809,50.71300630190428,3.225192248745377,1.051086594159934,0.6332751277078448,0.23150035844866243,0.9994967239328273,uploads/1742059914_ktr.jpg
117.29956770337388,85.31641996998809,50.71300630190428,3.225192248745377,1.051086594159934,0.6332751277078448,0.23150035844866243,0.9994967239328273,uploads/1742061181_ktr.jpg
117.29956770337388,85.31641996998809,50.71300630190428,3.225192248745377,1.051086594159934,0.6332751277078448,0.23150035844866243,0.9994967239328273,uploads/1742061543_ktr.jpg
117.29956770337388,85.31641996998809,50.71300630190428,3.225192248745377,1.051086594159934,0.6332751277078448,0.23150035844866243,0.9994967239328273,uploads/1742061569_ktr.jpg
117.29956770337388,85.31641996998809,50.71300630190428,3.225192248745377,1.051086594159934,0.6332751277078448,0.23150035844866243,0.9994967239328273,uploads/1742061600_ktr.jpg
117.29956770337388,85.31641996998809,50.71300630190428,3.225192248745377,1.051086594159934,0.6332751277078448,0.23150035844866243,0.9994967239328273,uploads/1742061660_ktr.jpg
117.29956770337388,85.31641996998809,50.71300630190428,3.225192248745377,1.051086594159934,0.6332751277078448,0.23150035844866243,0.9994967239328273,uploads/1742061711_ktr.jpg
117.29956770337388,85.31641996998809,50.71300630190428,3.225192248745377,1.051086594159934,0.6332751277078448,0.23150035844866243,0.9994967239328273,uploads/1742061751_ktr.jpg
117.29956770337388,85.31641996998809,50.71300630190428,3.225192248745377,1.051086594159934,0.6332751277078448,0.23150035844866243,0.9994967239328273,uploads/1742061766_ktr.jpg
117.29956770337388,85.31641996998809,50.71300630190428,3.225192248745377,1.051086594159934,0.6332751277078448,0.23150035844866243,0.9994967239328273,uploads/1742062873_ktr.jpg
117.29956770337388,85.31641996998809,50.71300630190428,3.225192248745377,1.051086594159934,0.6332751277078448,0.23150035844866243,0.9994967239328273,uploads/1742063066_ktr.jpg
117.29956770337388,85.31641996998809,50.71300630190428,3.225192248745377,1.051086594159934,0.6332751277078448,0.23150035844866243,0.9994967239328273,uploads/1742063071_ktr.jpg
117.29956770337388,85.31641996998809,50.71300630190428,3.225192248745377,1.051086594159934,0.6332751277078448,0.23150035844866243,0.9994967239328273,uploads/1742063314_ktr.jpg
121.6069890327355,93.28156310542377,70.44318474727065,67.34207908014588,4.971244150999951,0.37087661490200835,0.20969480827008405,0.9920428545403885,uploads/1742063402_egg.jpg
117.29956770337388,85.31641996998809,50.71300630190428,3.225192248745377,1.051086594159934,0.6332751277078448,0.23150035844866243,0.9994967239328273,uploads/1742063544_ktr.jpg
117.29956770337388,85.31641996998809,50.71300630190428,3.225192248745377,1.051086594159934,0.6332751277078448,0.23150035844866243,0.9994967239328273,uploads/1742063618_ktr.jpg
121.6069890327355,93.28156310542377,70.44318474727065,67.34207908014588,4.971244150999951,0.37087661490200835,0.20969480827008405,0.9920428545403885,uploads/1742063640_egg.jpg
117.29956770337388,85.31641996998809,50.71300630190428,3.225192248745377,1.051086594159934,0.6332751277078448,0.23150035844866243,0.9994967239328273,uploads/1742063926_ktr.jpg
106.18561253561253,65.14292497625831,52.675522317188985,16.880190816935002,1.5492903995229577,0.6438517090332098,0.23386693594068664,0.9970246574603194,uploads/1742118996_iyu.jpg
106.18561253561253,65.14292497625831,52.675522317188985,16.880190816935002,1.5492903995229577,0.6438517090332098,0.23386693594068664,0.9970246574603194,uploads/1742119044_iyu.jpg
117.29956770337388,85.31641996998809,50.71300630190428,3.225192248745377,1.051086594159934,0.6332751277078448,0.23150035844866243,0.9994967239328273,uploads/1742119146_ktr.jpg
117.29956770337388,85.31641996998809,50.71300630190428,3.225192248745377,1.051086594159934,0.6332751277078448,0.23150035844866243,0.9994967239328273,uploads/1742119205_ktr.jpg
121.6069890327355,93.28156310542377,70.44318474727065,67.34207908014588,4.971244150999951,0.37087661490200835,0.20969480827008405,0.9920428545403885,uploads/1742119378_egg.jpg
106.18561253561253,65.14292497625831,52.675522317188985,16.880190816935002,1.5492903995229577,0.6438517090332098,0.23386693594068664,0.9970246574603194,uploads/1742119478_iyu.jpg
121.6069890327355,93.28156310542377,70.44318474727065,67.34207908014588,4.971244150999951,0.37087661490200835,0.20969480827008405,0.9920428545403885,uploads/1742119689_egg.jpg
106.18561253561253,65.14292497625831,52.675522317188985,16.880190816935002,1.5492903995229577,0.6438517090332098,0.23386693594068664,0.9970246574603194,uploads/1742119804_iyu.jpg
121.6069890327355,93.28156310542377,70.44318474727065,67.34207908014588,4.971244150999951,0.37087661490200835,0.20969480827008405,0.9920428545403885,uploads/1742119819_egg.jpg
121.6069890327355,93.28156310542377,70.44318474727065,67.34207908014588,4.971244150999951,0.37087661490200835,0.20969480827008405,0.9920428545403885,uploads/1742119972_egg.jpg
106.18561253561253,65.14292497625831,52.675522317188985,16.880190816935002,1.5492903995229577,0.6438517090332098,0.23386693594068664,0.9970246574603194,uploads/1742120431_iyu.jpg
106.18561253561253,65.14292497625831,52.675522317188985,16.880190816935002,1.5492903995229577,0.6438517090332098,0.23386693594068664,0.9970246574603194,uploads/1742120431_iyu.jpg
106.18561253561253,65.14292497625831,52.675522317188985,16.880190816935002,1.5492903995229577,0.6438517090332098,0.23386693594068664,0.9970246574603194,uploads/1742120431_iyu.jpg
106.18561253561253,65.14292497625831,52.675522317188985,16.880190816935002,1.5492903995229577,0.6438517090332098,0.23386693594068664,0.9970246574603194,uploads/1742120431_iyu.jpg
106.18561253561253,65.14292497625831,52.675522317188985,16.880190816935002,1.5492903995229577,0.6438517090332098,0.23386693594068664,0.9970246574603194,uploads/1742120431_iyu.jpg
121.6069890327355,93.28156310542377,70.44318474727065,67.34207908014588,4.971244150999951,0.37087661490200835,0.20969480827008405,0.9920428545403885,uploads/1742146230_egg.jpg
121.6069890327355,93.28156310542377,70.44318474727065,67.34207908014588,4.971244150999951,0.37087661490200835,0.20969480827008405,0.9920428545403885,uploads/1742146230_egg.jpg
117.29956770337388,85.31641996998809,50.71300630190428,3.225192248745377,1.051086594159934,0.6332751277078448,0.23150035844866243,0.9994967239328273,uploads/1742146881_ktr.jpg
106.18561253561253,65.14292497625831,52.675522317188985,16.880190816935002,1.5492903995229577,0.6438517090332098,0.23386693594068664,0.9970246574603194,uploads/1742146989_iyu.jpg
106.18561253561253,65.14292497625831,52.675522317188985,16.880190816935002,1.5492903995229577,0.6438517090332098,0.23386693594068664,0.9970246574603194,uploads/1742147180_iyu.jpg
106.18561253561253,65.14292497625831,52.675522317188985,16.880190816935002,1.5492903995229577,0.6438517090332098,0.23386693594068664,0.9970246574603194,uploads/1742147286_iyu.jpg
106.18561253561253,65.14292497625831,52.675522317188985,16.880190816935002,1.5492903995229577,0.6438517090332098,0.23386693594068664,0.9970246574603194,uploads/1742147402_iyu.jpg
106.18561253561253,65.14292497625831,52.675522317188985,16.880190816935002,1.5492903995229577,0.6438517090332098,0.23386693594068664,0.9970246574603194,uploads/1742147491_iyu.jpg
106.18561253561253,65.14292497625831,52.675522317188985,16.880190816935002,1.5492903995229577,0.6438517090332098,0.23386693594068664,0.9970246574603194,uploads/1742147550_iyu.jpg
106.18561253561253,65.14292497625831,52.675522317188985,16.880190816935002,1.5492903995229577,0.6438517090332098,0.23386693594068664,0.9970246574603194,uploads/1742147632_iyu.jpg
117.29956770337388,85.31641996998809,50.71300630190428,3.225192248745377,1.051086594159934,0.6332751277078448,0.23150035844866243,0.9994967239328273,uploads/1742147690_ktr.jpg
106.18561253561253,65.14292497625831,52.675522317188985,16.880190816935002,1.5492903995229577,0.6438517090332098,0.23386693594068664,0.9970246574603194,uploads/1742147856_iyu.jpg
106.18561253561253,65.14292497625831,52.675522317188985,16.880190816935002,1.5492903995229577,0.6438517090332098,0.23386693594068664,0.9970246574603194,uploads/1742147972_iyu.jpg
117.29956770337388,85.31641996998809,50.71300630190428,3.225192248745377,1.051086594159934,0.6332751277078448,0.23150035844866243,0.9994967239328273,uploads/1742148152_ktr.jpg
117.29956770337388,85.31641996998809,50.71300630190428,3.225192248745377,1.051086594159934,0.6332751277078448,0.23150035844866243,0.9994967239328273,uploads/1742148359_ktr.jpg
121.6069890327355,93.28156310542377,70.44318474727065,67.34207908014588,4.971244150999951,0.37087661490200835,0.20969480827008405,0.9920428545403885,uploads/1742148533_egg.jpg
121.6069890327355,93.28156310542377,70.44318474727065,67.34207908014588,4.971244150999951,0.37087661490200835,0.20969480827008405,0.9920428545403885,uploads/1742148867_egg.jpg
106.18561253561253,65.14292497625831,52.675522317188985,16.880190816935002,1.5492903995229577,0.6438517090332098,0.23386693594068664,0.9970246574603194,uploads/1742148904_iyu.jpg
106.18561253561253,65.14292497625831,52.675522317188985,16.880190816935002,1.5492903995229577,0.6438517090332098,0.23386693594068664,0.9970246574603194,uploads/1742148926_iyu.jpg
121.6069890327355,93.28156310542377,70.44318474727065,67.34207908014588,4.971244150999951,0.37087661490200835,0.20969480827008405,0.9920428545403885,uploads/1742148935_egg.jpg
117.29956770337388,85.31641996998809,50.71300630190428,3.225192248745377,1.051086594159934,0.6332751277078448,0.23150035844866243,0.9994967239328273,uploads/1742148944_ktr.jpg
117.29956770337388,85.31641996998809,50.71300630190428,3.225192248745377,1.051086594159934,0.6332751277078448,0.23150035844866243,0.9994967239328273,uploads/1742151024_ktr.jpg
121.6069890327355,93.28156310542377,70.44318474727065,67.34207908014588,4.971244150999951,0.37087661490200835,0.20969480827008405,0.9920428545403885,uploads/1742151076_egg.jpg
121.6069890327355,93.28156310542377,70.44318474727065,67.34207908014588,4.971244150999951,0.37087661490200835,0.20969480827008405,0.9920428545403885,uploads/1742151172_egg.jpg
121.6069890327355,93.28156310542377,70.44318474727065,67.34207908014588,4.971244150999951,0.37087661490200835,0.20969480827008405,0.9920428545403885,uploads/1742231575_egg.jpg
121.6069890327355,93.28156310542377,70.44318474727065,67.34207908014588,4.971244150999951,0.37087661490200835,0.20969480827008405,0.9920428545403885,uploads/1742836933_egg.jpg
121.6069890327355,93.28156310542377,70.44318474727065,67.34207908014588,4.971244150999951,0.37087661490200835,0.20969480827008405,0.9920428545403885,uploads/1742844456_egg.jpg
173.2296231785314,125.51389865711334,87.74670597155982,43.88952105697771,1.3286677676851086,0.8246077299371286,0.23814065403618448,0.9971521936131105,uploads/1744646350_istockphoto-1131213189-1024x1024.jpg
173.05116155582107,121.05142705429444,78.76387893269613,205.52792588643032,9.099986670221275,0.28746522309949774,0.2030173338631351,0.982880961100895,uploads/1744646539_362b83b4-cbee-48d9-b1cb-5ef64dbbbb72.jpeg
173.05116155582107,121.05142705429444,78.76387893269613,205.52792588643032,9.099986670221275,0.28746522309949774,0.2030173338631351,0.982880961100895,uploads/1744646594_362b83b4-cbee-48d9-b1cb-5ef64dbbbb72.jpeg
173.2296231785314,125.51389865711334,87.74670597155982,43.88952105697771,1.3286677676851086,0.8246077299371286,0.23814065403618448,0.9971521936131105,uploads/1744646634_istockphoto-1131213189-1024x1024.jpg
173.05116155582107,121.05142705429444,78.76387893269613,205.52792588643032,9.099986670221275,0.28746522309949774,0.2030173338631351,0.982880961100895,uploads/1744646766_362b83b4-cbee-48d9-b1cb-5ef64dbbbb72.jpeg
173.05116155582107,121.05142705429444,78.76387893269613,205.52792588643032,9.099986670221275,0.28746522309949774,0.2030173338631351,0.982880961100895,uploads/1744646815_362b83b4-cbee-48d9-b1cb-5ef64dbbbb72.jpeg
118.20826177347917,96.28646479255175,76.48654072132334,68.31162575065015,3.8626916919599847,0.48211008034913444,0.23733025207807057,0.9934424833336012,uploads/1744646851_ciri-ciri-telur-busuk-1.jpg
141.07180998058695,113.07416695215257,90.23270983213429,39.40221153846154,2.290206043956044,0.5743891254139388,0.22375087577282432,0.9967965118470967,uploads/1744646866_ilustrasi-telur-retak_169.jpeg
37.375905196041664,29.991249943328647,24.901868918133594,9.149641669486,1.0549780504509558,0.78149568355315,0.5766735750907218,0.9983708135924177,uploads/1744649219_WhatsApp_Image_2025-04-13_at_15.13.03.jpeg
37.375905196041664,29.991249943328647,24.901868918133594,9.149641669486,1.0549780504509558,0.78149568355315,0.5766735750907218,0.9983708135924177,uploads/1744649227_WhatsApp_Image_2025-04-13_at_15.13.03.jpeg
173.05116155582107,121.05142705429444,78.76387893269613,205.52792588643032,9.099986670221275,0.28746522309949774,0.2030173338631351,0.982880961100895,uploads/1744649235_362b83b4-cbee-48d9-b1cb-5ef64dbbbb72.jpeg
164.04734041338358,135.68566404019643,108.2901998401279,63.33607142857143,2.853974358974359,0.5444322621603008,0.2244974301561558,0.9963072908114813,hehe.jpeg
173.05116155582107,121.05142705429444,78.76387893269613,205.52792588643032,9.099986670221275,0.28746522309949774,0.2030173338631351,0.982880961100895,uploads/1745414934_362b83b4-cbee-48d9-b1cb-5ef64dbbbb72.jpeg
188.95246249834062,145.26770211071286,94.54319660161954,277.50525193281794,10.08970941082378,0.2851333457935954,0.20587275132517044,0.982626164399959,uploads/1745415500_362b83b4-cbee-48d9-b1cb-5ef64dbbbb72.jpeg
182.39385480999582,147.7815473966461,105.17975944526253,59.10704651802918,1.5337462152491055,0.8175125655598989,0.2435050315503133,0.9968998195674178,uploads/20250423_204628401606
188.95246249834062,145.26770211071286,94.54319660161954,277.50525193281794,10.08970941082378,0.2851333457935954,0.20587275132517044,0.982626164399959,uploads/20250423_204741068553.png
188.95246249834062,145.26770211071286,94.54319660161954,277.50525193281794,10.08970941082378,0.2851333457935954,0.20587275132517044,0.982626164399959,uploads/20250423_210421690354.png
188.95246249834062,145.26770211071286,94.54319660161954,277.50525193281794,10.08970941082378,0.2851333457935954,0.20587275132517044,0.982626164399959,uploads/20250423_222711524305.png
140.02063093193527,114.14998101780711,89.987869474826,117.02528486674828,4.9241671314842055,0.472274211362698,0.24256857628800182,0.9917236609460794,uploads/20250423_223736017300.png
188.95246249834062,145.26770211071286,94.54319660161954,277.50525193281794,10.08970941082378,0.2851333457935954,0.20587275132517044,0.982626164399959,uploads/20250423_224342579393.png
188.95246249834062,145.26770211071286,94.54319660161954,277.50525193281794,10.08970941082378,0.2851333457935954,0.20587275132517044,0.982626164399959,uploads/20250423_224613710688.png
188.95246249834062,145.26770211071286,94.54319660161954,277.50525193281794,10.08970941082378,0.2851333457935954,0.20587275132517044,0.982626164399959,uploads/20250423_230525240756.png
188.95246249834062,145.26770211071286,94.54319660161954,277.50525193281794,10.08970941082378,0.2851333457935954,0.20587275132517044,0.982626164399959,uploads/20250423_230724525597.png
182.39385480999582,147.7815473966461,105.17975944526253,59.10704651802918,1.5337462152491055,0.8175125655598989,0.2435050315503133,0.9968998195674178,uploads/20250423_232823337672.png
182.39385480999582,147.7815473966461,105.17975944526253,59.10704651802918,1.5337462152491055,0.8175125655598989,0.2435050315503133,0.9968998195674178,uploads/20250423_233048506833.png
157.36934285980388,117.59301906624623,88.10951768916564,42.200539576009376,2.6289725151805685,0.5224711391359321,0.21985933595762325,0.9961808841119902,uploads\20250423_234211025334.png
141.7394468285007,92.67230770560924,72.86495658263709,22.691980699192527,2.687934686621608,0.47929720117289654,0.23159295042729094,0.9975518928685948,uploads\20250424_001825640825.png
157.36934285980388,117.59301906624623,88.10951768916564,42.200539576009376,2.6289725151805685,0.5224711391359321,0.21985933595762325,0.9961808841119902,uploads\20250502_190129206054.png
175.82967427948176,131.9640046602327,94.86466072845056,16.982221137781014,2.207246364824403,0.5160277504547613,0.2265301859004894,0.9988407990746835,uploads\20250502_190411323620.png
172.44183738617144,125.53251996550141,95.886807087893,12.792733112122502,2.022497926148465,0.5183687618270774,0.23153841291828248,0.9990425622854782,uploads\20250502_190749813947.png
157.36934285980388,117.59301906624623,88.10951768916564,42.200539576009376,2.6289725151805685,0.5224711391359321,0.21985933595762325,0.9961808841119902,uploads\20250503_065846753545.png
156.83693869779006,97.21427211326292,59.78554531300754,18.388886397775934,2.53508956796628,0.4673364131754648,0.22886566470984968,0.9979234094199567,uploads\20250515_214945601900.png
175.82967427948176,131.9640046602327,94.86466072845056,16.982221137781014,2.207246364824403,0.5160277504547613,0.2265301859004894,0.9988407990746835,uploads\20250515_215231691664.png
174.2662504071753,129.61888583932944,95.34063722533807,37.77564768043633,3.146814021713305,0.4642507074952586,0.21953488293603174,0.997244959480733,uploads\20250515_215731962802.png
157.36934285980388,117.59301906624623,88.10951768916564,42.200539576009376,2.6289725151805685,0.5224711391359321,0.21985933595762325,0.9961808841119902,uploads\20250515_215836436288.png
166.42977100895106,104.02407882158685,64.52552902581037,19.94828451291474,2.6552994865633996,0.45962953477972407,0.22780271865413135,0.9979861900024444,uploads\20250515_220111469584.png
165.2485786300149,109.5188135522413,71.22458899054462,36.86854038444384,3.158331660868789,0.45272190506029003,0.22038869955526907,0.9964764844119584,uploads\20250515_221643354141.png
171.12781684440222,126.62427198817443,91.68732833562102,38.45771321999553,3.1481691288010896,0.4674204121363688,0.22605967028736074,0.997197962147533,uploads\20250515_221849312241.png
165.2485786300149,109.5188135522413,71.22458899054462,36.86854038444384,3.158331660868789,0.45272190506029003,0.22038869955526907,0.9964764844119584,uploads\20250515_222015356968.png
166.42977100895106,104.02407882158685,64.52552902581037,19.94828451291474,2.6552994865633996,0.45962953477972407,0.22780271865413135,0.9979861900024444,uploads\20250515_222234885946.png
166.42977100895106,104.02407882158685,64.52552902581037,19.94828451291474,2.6552994865633996,0.45962953477972407,0.22780271865413135,0.9979861900024444,uploads\20250515_222808583416.png
165.19651264429592,107.01034749379355,64.78348407663704,35.67935910754682,3.069723875452683,0.4564643871519116,0.22361335042093325,0.9964412336663769,uploads\20250515_222847034917.png
174.2662504071753,129.61888583932944,95.34063722533807,37.77564768043633,3.146814021713305,0.4642507074952586,0.21953488293603174,0.997244959480733,uploads\20250516_052359182290.png
164.69948452119672,109.17774117559696,82.52821519332002,20.34372319484887,2.536442619041967,0.4789309231195193,0.22493286100841922,0.9980940286217118,uploads\20250516_052505687527.png
185.11520832179278,167.4039951469967,141.9570778576836,22.746153419689794,1.695761423968484,0.6621192326312426,0.24604846386816753,0.9989042649583009,uploads\20250516_052947255419.png
179.09137363992656,154.37953517691233,130.40852221339108,7.5453304126695,1.2626025638563734,0.6493561246195816,0.24258746484574234,0.9996099000266334,uploads\20250516_053015456168.png
172.44183738617144,125.53251996550141,95.886807087893,12.792733112122502,2.022497926148465,0.5183687618270774,0.23153841291828248,0.9990425622854782,uploads\20250516_053108602451.png
159.67634676635234,100.07019910552123,62.90111297955776,44.29851397710676,3.6315608618366677,0.4302240710272363,0.22653529564641678,0.9952532663484857,uploads\20250516_053958779214.png
173.0950709482121,125.917067817891,91.80424898092568,14.434453243354913,2.123058118716431,0.5181722396429153,0.23217975180177516,0.9989604574130881,uploads\20250516_091756390473.png
184.20253187986046,159.07565284860547,132.50092841024184,9.390140511057094,1.35305774589435,0.6454860824869568,0.23277279916270655,0.999511628802429,uploads\20250516_093047195095.png
185.11520832179278,167.4039951469967,141.9570778576836,22.746153419689794,1.695761423968484,0.6621192326312426,0.24604846386816753,0.9989042649583009,uploads\20260517_191448539916.png
165.19651264429592,107.01034749379355,64.78348407663704,35.67935910754682,3.069723875452683,0.4564643871519116,0.22361335042093325,0.9964412336663769,uploads\20260517_191621868205.png
173.0950709482121,125.917067817891,91.80424898092568,14.434453243354913,2.123058118716431,0.5181722396429153,0.23217975180177516,0.9989604574130881,uploads\20260517_191815695511.png
